{"inputUnits":[52],"outputUnits":5,"inputs":{"0":{"dtype":"number","min":1.9747443502637907e-7,"max":0.000007181869932537666},"1":{"dtype":"number","min":0.000005360908744478365,"max":0.6885106563568115},"2":{"dtype":"number","min":0.000004691889444075059,"max":0.7014639377593994},"3":{"dtype":"number","min":0.00004338907092460431,"max":0.9245806932449341},"4":{"dtype":"number","min":0.0018537660362198949,"max":0.9543411731719971},"5":{"dtype":"number","min":0.0008868951699696481,"max":0.8728633522987366},"6":{"dtype":"number","min":0.000004829283625440439,"max":0.0011040872195735574},"7":{"dtype":"number","min":1.829620366322615e-8,"max":0.0000022371118575392757},"8":{"dtype":"number","min":2.0384630872172238e-8,"max":0.0000020754769138875417},"9":{"dtype":"number","min":0.018955977633595467,"max":0.5830617547035217},"10":{"dtype":"number","min":0.014331208541989326,"max":0.6137754917144775},"11":{"dtype":"number","min":0.05001397058367729,"max":0.8557772040367126},"12":{"dtype":"number","min":0.05413740873336792,"max":0.8433936834335327},"13":{"dtype":"number","min":0.000518469256348908,"max":0.37781116366386414},"14":{"dtype":"number","min":0.006307624280452728,"max":0.8420530557632446},"15":{"dtype":"number","min":0.02012089639902115,"max":0.8318895101547241},"16":{"dtype":"number","min":0.0009843609295785427,"max":0.3724144399166107},"17":{"dtype":"number","min":0.002240488538518548,"max":0.16298353672027588},"18":{"dtype":"number","min":0.0012073381803929806,"max":0.17242729663848877},"19":{"dtype":"number","min":0.055576834827661514,"max":0.7390788793563843},"20":{"dtype":"number","min":0.021432464942336082,"max":0.622028648853302},"21":{"dtype":"number","min":0.0010898109758272767,"max":0.04877639189362526},"22":{"dtype":"number","min":0.0001153233097284101,"max":0.08706521987915039},"23":{"dtype":"number","min":0.0000036578339859261177,"max":0.0016758928541094065},"24":{"dtype":"number","min":0.00013281199790071696,"max":0.05322166904807091},"25":{"dtype":"number","min":0.0016077329637482762,"max":0.6349441409111023},"26":{"dtype":"number","min":0.000009776450497156475,"max":0.028120115399360657},"27":{"dtype":"number","min":0.00035102805122733116,"max":0.018886787816882133},"28":{"dtype":"number","min":0.0011970800114795566,"max":0.14833790063858032},"29":{"dtype":"number","min":0.0006516121793538332,"max":0.09771356731653214},"30":{"dtype":"number","min":0.0000010199222515439033,"max":0.007594130467623472},"31":{"dtype":"number","min":0.00000202938122129126,"max":0.016105305403470993},"32":{"dtype":"number","min":0.00003112820559181273,"max":0.08057061582803726},"33":{"dtype":"number","min":0.000038154084904817864,"max":0.09763896465301514},"34":{"dtype":"number","min":0.000011022334547305945,"max":0.17731793224811554},"35":{"dtype":"number","min":0.0000055188579608511645,"max":0.25082528591156006},"36":{"dtype":"number","min":0.0061920275911688805,"max":0.3660578727722168},"37":{"dtype":"number","min":0.006385107059031725,"max":0.2334074229001999},"38":{"dtype":"number","min":0.0003128928074147552,"max":0.47400394082069397},"39":{"dtype":"number","min":0.000007202399046946084,"max":0.13021832704544067},"40":{"dtype":"number","min":0.003331240499392152,"max":0.847324013710022},"41":{"dtype":"number","min":0.002082784427329898,"max":0.7505971789360046},"42":{"dtype":"number","min":0.0005257563898339868,"max":0.8086588978767395},"43":{"dtype":"number","min":0.000676450552418828,"max":0.08175310492515564},"44":{"dtype":"number","min":0.000004276417712389957,"max":0.8159636855125427},"45":{"dtype":"number","min":0.0000025565605028532445,"max":0.7865405082702637},"46":{"dtype":"number","min":0.000004113838713237783,"max":0.03247017413377762},"47":{"dtype":"number","min":0.00008666882058605552,"max":0.06695827841758728},"48":{"dtype":"number","min":0.000002459203869875637,"max":0.544867217540741},"49":{"dtype":"number","min":0.000001125103040067188,"max":0.4694080054759979},"50":{"dtype":"number","min":1.1655839671220747e-7,"max":0.000005221156698098639},"51":{"dtype":"number","min":6.921132467141433e-8,"max":0.000008116941899061203}},"outputs":{"label":{"dtype":"string","min":0,"max":1,"uniqueValues":["angry","sad","surprised","happy","neutral"],"legend":{"angry":[1,0,0,0,0],"sad":[0,1,0,0,0],"surprised":[0,0,1,0,0],"happy":[0,0,0,1,0],"neutral":[0,0,0,0,1]}}},"isNormalized":true}