{"inputUnits":[52],"outputUnits":5,"inputs":{"0":{"dtype":"number","min":1.0321173959937369e-7,"max":0.000009466910341870971},"1":{"dtype":"number","min":0.000012640062777791172,"max":0.46989142894744873},"2":{"dtype":"number","min":0.000006591168130398728,"max":0.542900025844574},"3":{"dtype":"number","min":0.00009958491136785597,"max":0.9037474393844604},"4":{"dtype":"number","min":0.0028865451458841562,"max":0.8597858548164368},"5":{"dtype":"number","min":0.0017936022486537695,"max":0.8246860504150391},"6":{"dtype":"number","min":0.0000046277509682113305,"max":0.0016511263092979789},"7":{"dtype":"number","min":2.2596246651573892e-8,"max":0.000004007986262877239},"8":{"dtype":"number","min":6.748899750164128e-8,"max":0.0000026177237941737985},"9":{"dtype":"number","min":0.013837185688316822,"max":0.5261038541793823},"10":{"dtype":"number","min":0.006528894882649183,"max":0.5451157093048096},"11":{"dtype":"number","min":0.030827227979898453,"max":0.6488234400749207},"12":{"dtype":"number","min":0.034622158855199814,"max":0.623751163482666},"13":{"dtype":"number","min":0.0021346979774534702,"max":0.37711402773857117},"14":{"dtype":"number","min":0.009523614309728146,"max":0.5960278511047363},"15":{"dtype":"number","min":0.013500713743269444,"max":0.5856727361679077},"16":{"dtype":"number","min":0.003101977054029703,"max":0.4032408893108368},"17":{"dtype":"number","min":0.012669927440583706,"max":0.2774627208709717},"18":{"dtype":"number","min":0.0076828948222100735,"max":0.28995081782341003},"19":{"dtype":"number","min":0.08036835491657257,"max":0.7028336524963379},"20":{"dtype":"number","min":0.03100358135998249,"max":0.6739234328269958},"21":{"dtype":"number","min":0.0013944805832579732,"max":0.09297657757997513},"22":{"dtype":"number","min":0.0001660825073486194,"max":0.13470523059368134},"23":{"dtype":"number","min":0.000004183359123999253,"max":0.006114337593317032},"24":{"dtype":"number","min":0.00033725606044754386,"max":0.03669654205441475},"25":{"dtype":"number","min":0.001504675718024373,"max":0.8366236686706543},"26":{"dtype":"number","min":0.000007785729394527152,"max":0.00707642175257206},"27":{"dtype":"number","min":0.0003360633854754269,"max":0.02348943054676056},"28":{"dtype":"number","min":0.0013169654412195086,"max":0.6906049251556396},"29":{"dtype":"number","min":0.0003356584638822824,"max":0.4406535029411316},"30":{"dtype":"number","min":1.2466358612073236e-7,"max":0.09844609349966049},"31":{"dtype":"number","min":2.718276448376855e-7,"max":0.09309926629066467},"32":{"dtype":"number","min":0.00005006277933716774,"max":0.3337934911251068},"33":{"dtype":"number","min":0.0000268864805548219,"max":0.12164005637168884},"34":{"dtype":"number","min":0.000018356437067268416,"max":0.36490359902381897},"35":{"dtype":"number","min":0.000006085016593715409,"max":0.4746345579624176},"36":{"dtype":"number","min":0.0028592082671821117,"max":0.48614463210105896},"37":{"dtype":"number","min":0.0044957110658288,"max":0.4483553171157837},"38":{"dtype":"number","min":0.0002002833061851561,"max":0.8470392227172852},"39":{"dtype":"number","min":0.0000061747487052343786,"max":0.0065625132992863655},"40":{"dtype":"number","min":0.0012301696697250009,"max":0.506495475769043},"41":{"dtype":"number","min":0.0019432776607573032,"max":0.3704173266887665},"42":{"dtype":"number","min":0.00021052302327007055,"max":0.781991720199585},"43":{"dtype":"number","min":0.0004674862138926983,"max":0.13238278031349182},"44":{"dtype":"number","min":0.0000013318361880010343,"max":0.8969883918762207},"45":{"dtype":"number","min":8.544719776182319e-7,"max":0.8627946376800537},"46":{"dtype":"number","min":0.000003099333071077126,"max":0.24113409221172333},"47":{"dtype":"number","min":0.000011792153600254096,"max":0.41952893137931824},"48":{"dtype":"number","min":0.000001166936840490962,"max":0.7306760549545288},"49":{"dtype":"number","min":0.0000016577380392845953,"max":0.7441215515136719},"50":{"dtype":"number","min":9.088795138723071e-8,"max":0.000004337117843533633},"51":{"dtype":"number","min":4.159281274951354e-8,"max":0.00001430666361557087}},"outputs":{"label":{"dtype":"string","min":0,"max":1,"uniqueValues":["angry","happy","sad","neutral","surprised"],"legend":{"angry":[1,0,0,0,0],"happy":[0,1,0,0,0],"sad":[0,0,1,0,0],"neutral":[0,0,0,1,0],"surprised":[0,0,0,0,1]}}},"isNormalized":true}